<?xml version="1.0" encoding="UTF-8"?>
<launch4jConfig>
  <dontWrapJar>false</dontWrapJar>
  <headerType>gui</headerType>
  <jar>D:\코딩 관련\Java\TestProject\out\artifacts\TestProject_jar\DW10807-유연화 추가활동\TestProject.jar</jar>
  <outfile>D:\코딩 관련\Java\TestProject\out\artifacts\TestProject_jar\DW10807-유연화 추가활동\exe파일 (실행파일)\Hello climate change APP.exe</outfile>
  <errTitle></errTitle>
  <cmdLine></cmdLine>
  <chdir>.</chdir>
  <priority>normal</priority>
  <downloadUrl></downloadUrl>
  <supportUrl></supportUrl>
  <stayAlive>false</stayAlive>
  <restartOnCrash>false</restartOnCrash>
  <manifest></manifest>
  <icon>C:\Users\gty71\Downloads\hello-DW-10807_image.ico</icon>
  <jre>
    <path>%JAVA_HOME%;%PATH%</path>
    <requiresJdk>false</requiresJdk>
    <requires64Bit>false</requires64Bit>
    <minVersion>17</minVersion>
    <maxVersion></maxVersion>
  </jre>
</launch4jConfig>